hierarchical_community_id,hierarchical_community_size,total_holders,avg_holders,max_holders,avg_cohesion,modularity_contribution,dominant_collections
0,38,44056,1159.3684210526317,7515,0.7909716566561471,0.005869263473080403,"The10kSquad, Sealuminati Testnetooor, Meowwnads"
1,9,1908,212.0,426,0.17072897509831442,0.005869263473080403,"Lil Chogstars, Skrumpets, Monadverse Genesis Hatch"
4,2,58171,29085.5,38311,0.5135135135135135,0.005869263473080403,"Monadverse: Chapter 1, Monadverse: Chapter 10"
2,1,214,214.0,214,0.0,0.005869263473080403,Katana Pass
3,1,50000,50000.0,50000,0.0,0.005869263473080403,Nad Name Service
