spectral_community_id,spectral_community_size,total_holders,avg_holders,max_holders,avg_cohesion,modularity_contribution,dominant_collections
0,39,44339,1136.8974358974358,7515,0.8132331821739777,0.004969285595184557,"The10kSquad, Sealuminati Testnetooor, Meowwnads"
4,8,1625,203.125,426,0.15359105062467718,0.004969285595184557,"Lil Chogstars, Monadverse Genesis Hatch, The Daks Fantasies"
1,1,214,214.0,214,0.0,0.004969285595184557,Katana Pass
2,1,38311,38311.0,38311,0.0,0.004969285595184557,Monadverse: Chapter 1
3,1,19860,19860.0,19860,0.0,0.004969285595184557,Monadverse: Chapter 10
5,1,50000,50000.0,50000,0.0,0.004969285595184557,Nad Name Service
